Sequence,A,W,MT,PT,TP
0,292,47,898.4666666666667,398.4666666666667,3.792419960519886
1,569,60,943.6666666666666,443.66666666666663,4.159521023767128
