Sequence,A,W,MT,PT,TP
0,362,28,970.9333333333333,470.9333333333333,4.5383473908034135
1,797,128,989.9333333333333,489.9333333333333,3.269278240420494
2,626,66,924.0666666666667,424.0666666666667,3.699214096357244
3,867,22,1159.0,659.0,4.4961379910673225
4,950,36,1111.8,611.8,5.085672535453765
5,545,28,989.0666666666667,489.0666666666667,4.9486356149959745
